post_id,title,cluster,terms_count,status,terms
8172,Our Research Standards,Uncategorized,8,inserted,Catio; RSPCA; British Veterinary Association; PDSA; Enrichment; Kennel Club; Cats Protection; Body Condition Score
8171,Why PetHub Online Exists,Uncategorized,8,inserted,RSPCA; British Veterinary Association; PDSA; Enrichment; Catio; Body Condition Score; Kennel Club; Cats Protection
7346,Indoor Cat Diet and Nutrition: Feeding Guidelines for House Cats,Indoor Cats,8,inserted,Indoor-Only Cat; Enrichment; Hairball Prevention; Puzzle Feeder; Feline Lower Urinary Tract Disease; Body Condition Score; Environmental Enrichment; Kennel Club
7345,Indoor Cat Behaviour: Understanding and Managing Common Issues,Indoor Cats,8,inserted,Indoor-Only Cat; Enrichment; Litter Tray Management; Catio; Scratching Post; Vertical Territory; Interactive Play; Environmental Enrichment
7344,Creating a Cat-Friendly Home: Environmental Enrichment for Indoor Cats,Indoor Cats,8,inserted,Indoor-Only Cat; Enrichment; Vertical Territory; Scratching Post; Litter Tray Management; Environmental Enrichment; Catio; Window Perch
7343,Indoor Cat Safety: Common Household Hazards for Cats,Indoor Cats,8,inserted,Indoor-Only Cat; Catio; Toxic Plants; Enrichment; Cats Protection; Vertical Territory; Litter Tray Management; Interactive Play
7342,Indoor Cat Exercise: Keeping House Cats Active and Healthy,Indoor Cats,8,inserted,Indoor-Only Cat; Vertical Territory; Interactive Play; Puzzle Feeder; Enrichment; Scratching Post; Catio; Environmental Enrichment
7341,First Week with a New Puppy: A Day-by-Day Guide,Dog Care,8,inserted,Microchipping; Crate Training; Vaccination Schedule; Socialisation Period; Preventative Healthcare; RSPCA; Parasite Prevention; PDSA
7340,"Puppy Teething Guide: Stages, Signs, and Soothing Tips",Dog Health,8,inserted,Teething Phase; Dental Hygiene; PDSA; British Veterinary Association; Parasite Prevention; RSPCA; Natural Rubber; Kennel Club
7339,Puppy Sleep Guide: How Much Sleep Puppies Need by Age,Dog Care,8,inserted,Crate Training; PDSA; Catio; RSPCA; British Veterinary Association; Teething Phase; Socialisation Period; Kennel Club
7338,Puppy-Proofing Your Home: A Room-by-Room Safety Guide,Dog Care,8,inserted,Puppy Proofing; RSPCA; Toxic Plants; PDSA; Dental Hygiene; Teething Phase; Parasite Prevention; Enrichment
7337,Puppy Vaccination Schedule UK: What to Expect and When,Dog Health,8,inserted,Vaccination Schedule; British Veterinary Association; Microchipping; Parasite Prevention; PDSA; RSPCA; Preventative Healthcare; Kennel Club
7336,Dog Bed Safety: Avoiding Hazards and Choosing Non-Toxic Materials,Dog Beds,8,inserted,Orthopaedic Support; Value for Money; Waterproof Rating; Bolster Bed; Removable Cover; Senior Pet Care; Catio; Chew Durability Rating
7335,Seasonal Dog Bedding: Adjusting Comfort Through the Year,Dog Beds,8,inserted,Orthopaedic Support; Bolster Bed; Value for Money; Breed Size Classification; Waterproof Rating; Removable Cover; Senior Pet Care; Natural Rubber
7334,Puppy Bed Training: Helping Your Dog Love Their Bed,Dog Beds,8,inserted,Crate Training; Orthopaedic Support; Bolster Bed; Value for Money; Teething Phase; Waterproof Rating; Senior Pet Care; Breed Size Classification
7333,Dog Bed Placement Guide: Where to Put Your Dog’s Bed,Dog Beds,8,inserted,Orthopaedic Support; Bolster Bed; Waterproof Rating; Value for Money; Catio; Crate Training; Breed Size Classification; Separation Anxiety
7332,How to Wash and Dry a Dog Bed Safely,Dog Beds,8,inserted,Orthopaedic Support; Waterproof Rating; Parasite Prevention; Removable Cover; Value for Money; Crate Training; Bolster Bed; Senior Pet Care
7177,Cat Toy Terminology: Understanding Play Types and Toy Features,Cat Supplies,8,inserted,Catnip Response; Interactive Play; Enrichment; Puzzle Feeder; Indoor-Only Cat; CE/UKCA Marking; Catio; Cats Protection
7175,Cat Supply Essentials Glossary: Understanding Cat Care Products,Cat Supplies,8,inserted,Litter Tray Management; Scratching Post; Microchipping; Parasite Prevention; Catio; Feline Lower Urinary Tract Disease; Indoor-Only Cat; Cats Protection
7174,"Dog Bed Terminology: Materials, Types, and Sizing Terms Explained",Dog Beds,8,inserted,Orthopaedic Support; Bolster Bed; Dental Hygiene; Waterproof Rating; Crate Training; Calming Bed; Breed Size Classification; Catio
7172,Dog Food Glossary: Understanding Ingredients and Nutrition Labels,Dog Food,8,inserted,FEDIAF Guidelines; Life Stage Nutrition; Grain-Free Formula; Complete Diet; Hypoallergenic Diet; Senior Pet Care; Body Condition Score; British Veterinary Association
7170,Dog Health Terminology: Understanding Common Veterinary and Care Terms,Dog Health,8,inserted,Vaccination Schedule; Dental Hygiene; Parasite Prevention; PDSA; Body Condition Score; British Veterinary Association; Preventative Healthcare; Orthopaedic Support
7169,Puppy Care Glossary: Essential Terms for New Puppy Owners,Dog Care,8,inserted,Vaccination Schedule; Socialisation Period; Dental Hygiene; Kennel Club; Microchipping; Recall Training; Parasite Prevention; Teething Phase
7167,Indoor Cat Terminology: A Complete Glossary for Cat Owners,Cat Supplies,8,inserted,Indoor-Only Cat; Litter Tray Management; Vertical Territory; Catio; Enrichment; Scratching Post; Feline Lower Urinary Tract Disease; Environmental Enrichment
6042,Enrichment by Breed Group: Tailoring Play to Your Dog's Instincts,Uncategorized,8,inserted,Enrichment; RSPCA; Catio; Fetch Toy; PDSA; Natural Rubber; Kennel Club; Chew Durability Rating
5934,Crate and Play Enrichment: Keeping Dogs Happy in Confined Spaces,Uncategorized,8,inserted,Crate Training; Enrichment; KONG Classic; RSPCA; Separation Anxiety; Catio; PDSA; Squeaker Toy
5933,"Safe Tug Play with Dogs: Rules, Benefits, and Common Mistakes",Uncategorized,8,inserted,Tug Toy; RSPCA; Catio; PDSA; British Veterinary Association; Fetch Toy; Dental Hygiene; Microchipping
5932,Scent-Game Enrichment for Dogs: Using Smell to Engage Your Dog,Uncategorized,8,inserted,Enrichment; RSPCA; Catio; PDSA; British Veterinary Association; Kennel Club; Microchipping; Senior Pet Care
5931,Signs of Toy Overstimulation in Dogs: When Play Becomes Too Much,Uncategorized,8,inserted,Squeaker Toy; Enrichment; RSPCA; British Veterinary Association; Stress Signals; Catio; PDSA; Chew Durability Rating
5930,Dog Toy Safety by Breed Size: Choosing the Right Size Toy,Uncategorized,8,inserted,Breed Size Classification; Choking Hazard; RSPCA; Squeaker Toy; Natural Rubber; Catio; British Veterinary Association; Chew Durability Rating
5521,Pet Health Terminology: A Guide to Common Veterinary Terms,Uncategorized,8,inserted,Vaccination Schedule; Catio; Parasite Prevention; PDSA; Dental Hygiene; RSPCA; Neutering; Body Condition Score
5509,"Pet Toy Safety: Understanding Materials, Hazards, and Standards",Uncategorized,8,inserted,Squeaker Toy; Chew Durability Rating; Microchipping; Natural Rubber; CE/UKCA Marking; Dental Hygiene; Fetch Toy; Choking Hazard
5508,Puppy Development Stages: A Complete Guide from Birth to Maturity,Uncategorized,8,inserted,Socialisation Period; Vaccination Schedule; Teething Phase; RSPCA; British Veterinary Association; PDSA; Litter Tray Management; Catio
5483,Dog Toy Lifespan: When to Replace Toys and How to Extend Their Life,Uncategorized,8,inserted,Chew Durability Rating; Squeaker Toy; Natural Rubber; RSPCA; Catio; PDSA; Fetch Toy; Enrichment
5476,"Mental Stimulation Toys for Dogs: Puzzles, Games, and Brain Work",Uncategorized,8,inserted,Enrichment; RSPCA; Senior Pet Care; Catio; Puzzle Feeder; British Veterinary Association; PDSA; Fetch Toy
5473,Senior Dog Toys: Gentle Play Options for Older Dogs,Uncategorized,8,inserted,Senior Pet Care; Enrichment; Dental Hygiene; Puzzle Feeder; RSPCA; Fetch Toy; PDSA; Squeaker Toy
5471,"Dog Boredom Prevention: Signs, Solutions, and Enrichment Ideas",Uncategorized,8,inserted,Enrichment; RSPCA; Puzzle Feeder; PDSA; Fetch Toy; Catio; British Veterinary Association; Stress Signals
5469,Dog Toy Rotation: How to Keep Your Dog Interested and Engaged,Uncategorized,8,inserted,Enrichment; RSPCA; Senior Pet Care; PDSA; British Veterinary Association; Fetch Toy; Feline Immunodeficiency Virus; Catio
5425,Dog Toys FAQ: Common Questions Answered,Dog Supplies,8,inserted,Natural Rubber; Chew Durability Rating; Car Safety Restraint; Squeaker Toy; BPA-Free; Enrichment; Fetch Toy; Value for Money
5424,Aggressive Chewer Guide: Safe Toys for Power Chewers,Dog Supplies,8,inserted,Chew Durability Rating; Natural Rubber; Value for Money; Enrichment; RSPCA; Choking Hazard; PDSA; KONG Classic
5423,Dog Toy Enrichment: Beyond Basic Fetch,Dog Supplies,8,inserted,Enrichment; Fetch Toy; Natural Rubber; Puzzle Feeder; Senior Pet Care; BPA-Free; KONG Classic; RSPCA
5422,Indoor vs Outdoor Dog Toys: Choosing the Right Type,Dog Supplies,8,inserted,Natural Rubber; Fetch Toy; Puzzle Feeder; Squeaker Toy; Chew Durability Rating; BPA-Free; Enrichment; KONG Classic
5421,Puppy-Safe Dog Toys: What to Look For and What to Avoid,Dog Supplies,8,inserted,Teething Phase; Natural Rubber; Chew Durability Rating; Squeaker Toy; Breed Size Classification; Vaccination Schedule; Value for Money; Choking Hazard
5420,Dog Toy Cleaning Guide: How to Keep Toys Hygienic,Dog Supplies,8,inserted,Natural Rubber; Chew Durability Rating; Squeaker Toy; BPA-Free; Value for Money; PDSA; Fetch Toy; Puzzle Feeder
5419,Cat Care Basics: A Glossary for New Cat Owners,Cat Supplies,8,inserted,Litter Tray Management; Scratching Post; Parasite Prevention; Microchipping; Catio; Enrichment; Dental Hygiene; Environmental Enrichment
5418,Dog Harness Types Explained: Finding the Right Fit,Dog Harnesses,8,inserted,No-Pull Harness; Back-Clip Harness; Reflective Material; Girth Measurement; Padded Harness; Car Safety Restraint; RSPCA; Waterproof Rating
5417,Puppy Care Essentials: Key Terms Every New Owner Should Know,Dog Care,8,inserted,Vaccination Schedule; Crate Training; Socialisation Period; Microchipping; British Veterinary Association; Parasite Prevention; House Training; Kennel Club
5416,Dog Bed Types Explained: A Complete Glossary,Dog Beds,8,inserted,Orthopaedic Support; Bolster Bed; Senior Pet Care; Crate Training; Elevated Dog Bed; Waterproof Rating; Removable Cover; Value for Money
5415,Dog Play Styles Explained: Understanding How Your Dog Plays,Uncategorized,8,inserted,Enrichment; RSPCA; Fetch Toy; PDSA; British Veterinary Association; Dental Hygiene; Puzzle Feeder; Stress Signals
5414,Cat Toy Types Explained: A Complete Glossary,Uncategorized,8,inserted,Enrichment; Interactive Play; Catnip Response; Puzzle Feeder; RSPCA; PDSA; Indoor-Only Cat; British Veterinary Association
5296,Best Indoor Cat Toys UK (2026): Complete Guide for House Cats,Uncategorized,8,inserted,Indoor-Only Cat; Enrichment; Interactive Play; Puzzle Feeder; Vertical Territory; PDSA; Body Condition Score; Catio
5033,How to Choose the Right Cat Toy for Your Cat's Personality,Cat Toys,8,inserted,Enrichment; Interactive Play; Catnip Response; Puzzle Feeder; Indoor-Only Cat; Prey Drive; Cats Protection; Choking Hazard
5036,Understanding Cat Play Behaviour: What Different Play Styles Mean,Cat Toys,8,inserted,Interactive Play; Enrichment; Prey Drive; Stress Signals; Puzzle Feeder; Indoor-Only Cat; Environmental Enrichment; Cats Protection
5032,Cat Toys FAQ: Common Questions Answered,Cat Toys,8,inserted,Catnip Response; Interactive Play; Enrichment; Puzzle Feeder; Indoor-Only Cat; Natural Rubber; Value for Money; Cats Protection
5035,Cat Enrichment Beyond Toys: Creating a Stimulating Home,Cat Toys,8,inserted,Enrichment; Vertical Territory; Indoor-Only Cat; Environmental Enrichment; Puzzle Feeder; Catnip Response; Interactive Play; Scratching Post
5034,Cat Toy Rotation: How to Keep Toys Fresh and Engaging,Cat Toys,8,inserted,Catnip Response; Enrichment; Interactive Play; Indoor-Only Cat; Environmental Enrichment; Feline Immunodeficiency Virus; Puzzle Feeder; Multi-Cat Household
4792,Puppy Socialisation: A Complete Timeline Guide,Dog Supplies,8,inserted,Socialisation Period; Vaccination Schedule; Kennel Club; Desensitisation; Puppy Classes; Reflective Material; Positive Reinforcement; Stress Signals
4791,How to Choose the Right Dog Training Treats,Dog Supplies,8,inserted,Positive Reinforcement; Recall Training; British Veterinary Association; Clicker Training; RSPCA; Kennel Club; FEDIAF Guidelines; Dental Hygiene
4790,DIY Dog Toys: Safe Homemade Options,Dog Supplies,8,inserted,Enrichment; Natural Rubber; BPA-Free; Chew Durability Rating; Fetch Toy; Value for Money; CE/UKCA Marking; RSPCA
4789,Best Types of Dog Toys for Different Play Styles,Dog Supplies,8,inserted,Chew Durability Rating; Fetch Toy; Natural Rubber; Squeaker Toy; Tug Toy; Puzzle Feeder; Enrichment; Value for Money
4788,Mental Stimulation for Dogs: Beyond Physical Exercise,Dog Supplies,8,inserted,Enrichment; Natural Rubber; BPA-Free; PDSA; RSPCA; British Veterinary Association; Chew Durability Rating; Puzzle Feeder
4787,Dog Toy Safety: What Every Owner Needs to Know,Dog Supplies,8,inserted,Natural Rubber; Squeaker Toy; Chew Durability Rating; BPA-Free; Choking Hazard; Value for Money; PDSA; British Veterinary Association
4786,Where to Place Your Dog's Bed: Location and Comfort Tips,Dog Beds,8,inserted,Orthopaedic Support; Catio; Bolster Bed; Crate Training; RSPCA; Removable Cover; Senior Pet Care; PDSA
4785,How to Wash and Maintain Your Dog's Bed,Dog Beds,8,inserted,Orthopaedic Support; Dental Hygiene; Removable Cover; Parasite Prevention; Waterproof Rating; PDSA; RSPCA; Bolster Bed
4784,"Dog Bed Materials Explained: Foam, Memory Foam, and More",Dog Beds,8,inserted,Orthopaedic Support; Removable Cover; Senior Pet Care; Breed Size Classification; Waterproof Rating; Dental Hygiene; Value for Money; Bolster Bed
4783,How to Choose the Right Dog Bed Size,Dog Beds,8,inserted,Orthopaedic Support; Breed Size Classification; Dental Hygiene; Bolster Bed; Crate Training; Removable Cover; Catio; Senior Pet Care
4573,Seasonal Pet Safety: Protecting Pets Through the Year,Pet Care,8,inserted,RSPCA; Microchipping; British Veterinary Association; Parasite Prevention; Litter Tray Management; PDSA; Animal Welfare Act 2006; Preventative Healthcare
4570,First-Time Dog Owner Essentials: What You Need to Know,Dog Care,8,inserted,Microchipping; Socialisation Period; Vaccination Schedule; Crate Training; Kennel Club; RSPCA; PDSA; Preventative Healthcare
4576,Multi-Pet Household Tips: Living with Dogs and Cats Together,Pet Care,8,inserted,Litter Tray Management; RSPCA; British Veterinary Association; Preventative Healthcare; Senior Pet Care; PDSA; Cats Protection; Animal Welfare Act 2006
4574,Pet Hydration Guide: How Much Water Does Your Pet Need?,Dog Supplies,8,inserted,Parasite Prevention; PDSA; Dental Hygiene; RSPCA; Catio; British Veterinary Association; Preventative Healthcare; Microchipping
4568,Dog Dental Health: A Practical Care Guide,Dog Care,8,inserted,Dental Hygiene; British Veterinary Association; Parasite Prevention; PDSA; RSPCA; Preventative Healthcare; Orthopaedic Support; Crate Training
4406,Best Interactive Cat Toys for Indoor Cats: Engagement Guide,Cat Supplies,8,inserted,Indoor-Only Cat; Interactive Play; Puzzle Feeder; Enrichment; Environmental Enrichment; Cats Protection; Catnip Response; PDSA
4414,Harness vs Collar: Which Is Better for Your Dog?,Dog Care,8,inserted,RSPCA; No-Pull Harness; British Veterinary Association; Reflective Material; Breed Size Classification; Orthopaedic Support; Positive Reinforcement; Kennel Club
4413,How to Measure Your Dog for a Harness: Step-by-Step Guide,Dog Care,8,inserted,Girth Measurement; RSPCA; British Veterinary Association; Positive Reinforcement; Kennel Club; Reflective Material; No-Pull Harness; Orthopaedic Support
4412,No-Pull Dog Harness Guide: How They Work and When to Use One,Dog Harnesses,8,inserted,No-Pull Harness; Back-Clip Harness; Reflective Material; RSPCA; Positive Reinforcement; Value for Money; British Veterinary Association; Head Collar
4411,"Dog Harnesses: The Complete Guide to Types, Fitting, and Safety",Dog Care,8,inserted,No-Pull Harness; RSPCA; Kennel Club; British Veterinary Association; Girth Measurement; Back-Clip Harness; Breed Size Classification; Orthopaedic Support
4410,Cat Enrichment Activities Beyond Toys: Complete Guide,Cat Supplies,8,inserted,Enrichment; Environmental Enrichment; Indoor-Only Cat; Vertical Territory; Interactive Play; Puzzle Feeder; Catio; Scratching Post
4409,Kitten vs Adult Cat Toys: Age-Appropriate Play Guide,Cat Supplies,8,inserted,Interactive Play; Puzzle Feeder; Cats Protection; Senior Pet Care; Life Stage Nutrition; Catnip Response; Enrichment; Litter Tray Management
4408,How Often Should You Replace Cat Toys? A Practical Guide,Cat Supplies,8,inserted,Interactive Play; Catnip Response; Cats Protection; Indoor-Only Cat; Puzzle Feeder; Enrichment; Value for Money; Litter Tray Management
4407,DIY Cat Toys: Safe Homemade Options Your Cat Will Love,Cat Supplies,8,inserted,Interactive Play; Enrichment; Catnip Response; Cats Protection; Indoor-Only Cat; Puzzle Feeder; Senior Pet Care; Environmental Enrichment
4335,Best Cat Litter Disposal UK (2026) – Waste Management Guide,Cat Supplies,8,inserted,Litter Tray Management; Multi-Cat Household; Cats Protection; Indoor-Only Cat; Catio; RSPCA; Scratching Post; Value for Money
4328,Best Self-Cleaning Litter Trays UK (2026) – Automatic Options,Cat Supplies,8,inserted,Litter Tray Management; Multi-Cat Household; Indoor-Only Cat; Value for Money; Cats Protection; Catio; RSPCA; Scratching Post
4321,Best Cat Litter UK (2026) – Types &#038; Comparison Guide,Cat Supplies,8,inserted,Litter Tray Management; Indoor-Only Cat; Cats Protection; Feline Lower Urinary Tract Disease; Multi-Cat Household; Scratching Post; Catio; RSPCA
4314,Best Cat Litter Trays UK (2026) – Complete Guide,Cat Supplies,8,inserted,Litter Tray Management; Scratching Post; Multi-Cat Household; Cats Protection; Indoor-Only Cat; Catio; Feline Lower Urinary Tract Disease; RSPCA
4307,Best Wall-Mounted Cat Scratchers UK (2026) – Space Saving,Cat Supplies,8,inserted,Scratching Post; Litter Tray Management; Vertical Territory; Cats Protection; Multi-Cat Household; Catio; Catnip Response; Value for Money
4300,Best Cardboard Cat Scratchers UK (2026) – Budget Friendly,Cat Supplies,8,inserted,Scratching Post; Litter Tray Management; Value for Money; Cats Protection; Vertical Territory; Catnip Response; Multi-Cat Household; Catio
4293,Best Cat Trees UK (2026) – Climbing & Scratching Towers,Cat Supplies,8,inserted,Scratching Post; Vertical Territory; Litter Tray Management; Multi-Cat Household; Indoor-Only Cat; Cats Protection; Catnip Response; Catio
4286,Best Cat Scratching Posts UK (2026) – Complete Guide,Cat Supplies,8,inserted,Scratching Post; Cats Protection; Vertical Territory; Catnip Response; Interactive Play; Indoor-Only Cat; Value for Money; Catio
4279,Best Cat Harnesses UK (2026) – Safe Walking Guide,Cat Supplies,8,inserted,Litter Tray Management; Indoor-Only Cat; Scratching Post; Catio; Cats Protection; Enrichment; RSPCA; Puzzle Feeder
4272,Best Cat ID Tags UK (2026) – Identification Guide,Cat Supplies,8,inserted,Microchipping; Litter Tray Management; Catio; Cats Protection; Scratching Post; RSPCA; Indoor-Only Cat; Puzzle Feeder
4265,Best Cat GPS Trackers UK (2026) – Location Tracking Guide,Cat Supplies,8,inserted,Litter Tray Management; Catio; Scratching Post; Cats Protection; Dental Hygiene; Multi-Cat Household; RSPCA; Microchipping
4258,Best Cat Collars UK (2026) – Complete Safety Guide,Cat Supplies,8,inserted,Litter Tray Management; Catio; Microchipping; Reflective Material; Indoor-Only Cat; Cats Protection; Parasite Prevention; Scratching Post
4251,Best Cat Shampoo UK (2026) – When & How to Bathe,Cat Supplies,8,inserted,Litter Tray Management; Scratching Post; Parasite Prevention; Indoor-Only Cat; Cats Protection; Enrichment; RSPCA; Catio
4244,Best Cat Nail Clippers UK (2026) – Safe Trimming Guide,Cat Supplies,8,inserted,Litter Tray Management; Indoor-Only Cat; Scratching Post; Cats Protection; Dental Hygiene; RSPCA; Enrichment; Catio
4237,Best Cat Brushes UK (2026) – Guide by Coat Type,Cat Supplies,8,inserted,Litter Tray Management; Shedding Season; Grooming Routine; Parasite Prevention; Scratching Post; Double Coat; Hairball Prevention; Cats Protection
4230,Best Cat Grooming Supplies UK (2026) – Complete Guide,Cat Supplies,8,inserted,Litter Tray Management; Shedding Season; Grooming Routine; Parasite Prevention; Cats Protection; Double Coat; Hairball Prevention; Dental Hygiene
4223,Best Cat Window Perches UK (2026) – Sunning & Bird Watching,Cat Supplies,8,inserted,Window Perch; Indoor-Only Cat; Litter Tray Management; Cats Protection; Enrichment; Scratching Post; Environmental Enrichment; Vertical Territory
4216,Best Cat Radiator Beds UK (2026) – Hook-On Warmth Guide,Cat Supplies,8,inserted,Litter Tray Management; Indoor-Only Cat; Scratching Post; Cats Protection; Value for Money; RSPCA; Parasite Prevention; Puzzle Feeder
4209,Best Heated Cat Beds UK (2026) – Winter Warmth Guide,Cat Supplies,8,inserted,Litter Tray Management; Catio; Cats Protection; CE/UKCA Marking; Indoor-Only Cat; Scratching Post; Window Perch; Removable Cover
4202,Best Cat Beds UK (2026) – Complete Guide,Cat Supplies,8,inserted,Litter Tray Management; Catio; Cats Protection; Removable Cover; Bolster Bed; Orthopaedic Support; Indoor-Only Cat; Scratching Post
4195,Best Cat Toys for Indoor Cats UK (2026) – Enrichment Guide,Cat Supplies,8,inserted,Indoor-Only Cat; Interactive Play; Enrichment; Puzzle Feeder; Vertical Territory; Environmental Enrichment; Cats Protection; Catnip Response
4188,Best Catnip Toys UK (2026) – What Works and Why,Cat Supplies,8,inserted,Catnip Response; Cats Protection; Litter Tray Management; Interactive Play; Enrichment; Indoor-Only Cat; Environmental Enrichment; Puzzle Feeder
4181,Best Interactive Cat Toys UK (2026) – Wand & Puzzle Guide,Cat Supplies,8,inserted,Interactive Play; Puzzle Feeder; Catnip Response; Cats Protection; Indoor-Only Cat; Litter Tray Management; Enrichment; Senior Pet Care
4174,Best Cat Toys UK (2026) – Complete Guide,Cat Supplies,8,inserted,Interactive Play; Catnip Response; Indoor-Only Cat; Puzzle Feeder; Cats Protection; Enrichment; Litter Tray Management; Choking Hazard
4167,Best Dog Water Bottles UK (2026) – Travel Hydration Guide,Dog Supplies,8,inserted,Car Safety Restraint; Microchipping; PDSA; British Veterinary Association; Crate Training; RSPCA; Parasite Prevention; Kennel Club
4160,Best Elevated Dog Bowls UK (2026) – Raised Feeder Guide,Dog Supplies,8,inserted,Breed Size Classification; Microchipping; PDSA; British Veterinary Association; RSPCA; Senior Pet Care; Value for Money; Puzzle Feeder
4153,Best Slow Feeder Dog Bowls UK (2026) – Prevent Speed Eating,Dog Supplies,8,inserted,Puzzle Feeder; Microchipping; PDSA; British Veterinary Association; Enrichment; RSPCA; Car Safety Restraint; Breed Size Classification
4146,Best Dog Bowls and Feeding UK (2026) – Complete Guide,Dog Supplies,8,inserted,Breed Size Classification; Puzzle Feeder; Chew Durability Rating; Dental Hygiene; RSPCA; Parasite Prevention; Value for Money; Car Safety Restraint
4139,Best Dog Training Leads UK (2026) – Long Lines & Harnesses,Dog Supplies,8,inserted,Long Line; Recall Training; Lead Length Regulations; Enrichment; Chew Durability Rating; Value for Money; Waterproof Rating; No-Pull Harness
4132,Best Puppy Training Guide UK (2026) – First Year Essentials,Dog Supplies,8,inserted,Vaccination Schedule; Socialisation Period; Recall Training; Positive Reinforcement; Kennel Club; British Veterinary Association; House Training; Crate Training
4125,Best Dog Training Treats UK (2026) – Reward Guide,Dog Supplies,8,inserted,Positive Reinforcement; Value for Money; British Veterinary Association; Recall Training; RSPCA; Kennel Club; Senior Pet Care; Clicker Training
4118,Best Dog Training and Behaviour UK (2026) – Complete Guide,Dog Supplies,8,inserted,Positive Reinforcement; Car Safety Restraint; Kennel Club; RSPCA; Clicker Training; Long Line; Crate Training; Desensitisation
4110,Best Dog Joint Supplements UK (2026) – Mobility Support Guide,Dog Health,8,inserted,Joint Supplement; Dental Hygiene; Parasite Prevention; Orthopaedic Support; British Veterinary Association; PDSA; Breed Size Classification; Body Condition Score
4103,Best Dog Flea Treatment UK (2026) – Prevention Guide,Dog Health,8,inserted,Parasite Prevention; Dental Hygiene; British Veterinary Association; Vaccination Schedule; PDSA; Orthopaedic Support; Preventative Healthcare; RSPCA
4096,Best Dog Dental Care UK (2026) – Teeth Cleaning Guide,Dog Health,8,inserted,Dental Hygiene; British Veterinary Association; PDSA; Parasite Prevention; Orthopaedic Support; Crate Training; RSPCA; Double Coat
4089,Best Dog Health and Care UK (2026) – Complete Guide,Dog Health,8,inserted,Dental Hygiene; Parasite Prevention; Vaccination Schedule; Preventative Healthcare; Body Condition Score; PDSA; Pet Insurance; British Veterinary Association
4078,Best Dog Nail Clippers UK (2026) – Trimming & Grinding Guide,Dog Care,8,inserted,Dental Hygiene; Double Coat; PDSA; Desensitisation; Crate Training; RSPCA; Parasite Prevention; British Veterinary Association
4071,Best Dog Shampoo UK (2026) – Ingredients & Safety Guide,Dog Care,8,inserted,Double Coat; Shedding Season; Crate Training; RSPCA; Dental Hygiene; PDSA; Kennel Club; British Veterinary Association
4064,Best Dog Brushes UK (2026) – Guide by Coat Type,Dog Care,8,inserted,Double Coat; Shedding Season; Dental Hygiene; Grooming Routine; RSPCA; PDSA; British Veterinary Association; Recall Training
4057,Best Dog Grooming Supplies UK (2026) – Complete Guide,Dog Care,8,inserted,Dental Hygiene; Double Coat; Grooming Routine; Shedding Season; PDSA; Kennel Club; Parasite Prevention; RSPCA
4049,Best Puppy Collars UK (2026) – First Collar & Harness Guide,Dog Supplies,8,inserted,Vaccination Schedule; British Veterinary Association; Reflective Material; Breed Size Classification; Enrichment; Value for Money; Lead Length Regulations; RSPCA
4042,Best Dog Leads UK (2026) – Walking & Training Lead Guide,Dog Supplies,8,inserted,Long Line; Lead Length Regulations; Recall Training; No-Pull Harness; Car Safety Restraint; Reflective Material; Enrichment; Positive Reinforcement
4034,Best No-Pull Dog Harnesses UK (2026) – Training & Comfort Guide,Dog Harnesses,8,inserted,No-Pull Harness; Reflective Material; Back-Clip Harness; Positive Reinforcement; Head Collar; Value for Money; RSPCA; Enrichment
4027,Best Dog Collars and Harnesses UK (2026) – Complete Guide,Dog Harnesses,8,inserted,No-Pull Harness; Value for Money; Reflective Material; Breed Size Classification; Back-Clip Harness; Waterproof Rating; Girth Measurement; RSPCA
4018,Best Puppy Beds UK (2026) – First Bed & Crate Training Guide,Dog Beds,8,inserted,Orthopaedic Support; Crate Training; Vaccination Schedule; Value for Money; Waterproof Rating; British Veterinary Association; Bolster Bed; Teething Phase
4011,Best Cooling Dog Beds UK (2026) – Temperature Regulation Guide,Dog Beds,8,inserted,Orthopaedic Support; Bolster Bed; Removable Cover; Elevated Dog Bed; Senior Pet Care; British Veterinary Association; Value for Money; Crate Training
4004,Best Orthopaedic Dog Beds UK (2026) – Joint Support Guide,Dog Beds,8,inserted,Orthopaedic Support; Bolster Bed; Senior Pet Care; Removable Cover; British Veterinary Association; Hip Dysplasia; Breed Size Classification; PDSA
3996,Best Dog Beds UK (2026) – Complete Guide & Honest Reviews,Dog Beds,8,inserted,Orthopaedic Support; Bolster Bed; Removable Cover; Value for Money; Breed Size Classification; Chew Durability Rating; Senior Pet Care; Dental Hygiene
3960,Best Puppy Toys UK (2026) – Teething & First Toys Guide,Dog Supplies,8,inserted,Teething Phase; Vaccination Schedule; Chew Durability Rating; Natural Rubber; British Veterinary Association; Enrichment; Squeaker Toy; KONG Classic
3959,Best Interactive Dog Toys UK (2026) – Puzzle & Enrichment Guide,Dog Supplies,8,inserted,Enrichment; Chew Durability Rating; Value for Money; Puzzle Feeder; KONG Classic; RSPCA; Fetch Toy; Car Safety Restraint
3957,Best Indestructible Dog Toys UK (2026) – Tough Toys for Heavy Chewers,Dog Supplies,8,inserted,Chew Durability Rating; Natural Rubber; Car Safety Restraint; Value for Money; KONG Classic; Fetch Toy; Crate Training; Dental Hygiene
3956,Best Dog Toys UK (2026) – Complete Guide & Honest Reviews,Dog Supplies,8,inserted,Chew Durability Rating; Natural Rubber; Value for Money; Fetch Toy; Enrichment; Puzzle Feeder; Squeaker Toy; Breed Size Classification
3839,Best Puppy Food UK (2026) - Growth-Stage Nutrition Guide,Dog Food,8,inserted,Life Stage Nutrition; Breed Size Classification; FEDIAF Guidelines; Body Condition Score; Grain-Free Formula; Senior Pet Care; British Veterinary Association; Raw Feeding (BARF)
3838,Dry vs Wet Dog Food UK - An Honest Comparison Guide,Dog Food,8,inserted,FEDIAF Guidelines; Dental Hygiene; Senior Pet Care; Raw Feeding (BARF); Body Condition Score; British Veterinary Association; Value for Money; Life Stage Nutrition
3837,Best Dry Dog Food UK (2026) - Evidence-Based Guide,Dog Food,8,inserted,FEDIAF Guidelines; Grain-Free Formula; Complete Diet; Senior Pet Care; Body Condition Score; Dental Hygiene; Life Stage Nutrition; Breed Size Classification
3836,Best Dog Food UK (2026) - Complete Buying Guide,Dog Food,8,inserted,FEDIAF Guidelines; Grain-Free Formula; Breed Size Classification; Life Stage Nutrition; Senior Pet Care; Body Condition Score; Raw Feeding (BARF); Dental Hygiene
696,Essential Cat Supplies for Cat Owners - Number 1 Must-Haves,Cat Supplies,8,inserted,Litter Tray Management; Scratching Post; Cats Protection; Indoor-Only Cat; Enrichment; Value for Money; Vertical Territory; Puzzle Feeder
3,Dog Toys UK (2026) – Essential Guide for Pet Owners,Dog Supplies,8,inserted,Enrichment; Chew Durability Rating; Orthopaedic Support; Long Line; Senior Pet Care; Life Stage Nutrition; RSPCA; Reflective Material
